{
  "hash": "40526897",
  "configHash": "fde04cc1",
  "lockfileHash": "13674130",
  "browserHash": "3b349ef8",
  "optimized": {
    "@angular/common": {
      "src": "../../../../../node_modules/@angular/common/fesm2022/common.mjs",
      "file": "@angular_common.js",
      "fileHash": "f26bd85e",
      "needsInterop": false
    },
    "@angular/common/http": {
      "src": "../../../../../node_modules/@angular/common/fesm2022/http.mjs",
      "file": "@angular_common_http.js",
      "fileHash": "da24201f",
      "needsInterop": false
    },
    "@angular/core": {
      "src": "../../../../../node_modules/@angular/core/fesm2022/core.mjs",
      "file": "@angular_core.js",
      "fileHash": "a4e6a338",
      "needsInterop": false
    },
    "@angular/forms": {
      "src": "../../../../../node_modules/@angular/forms/fesm2022/forms.mjs",
      "file": "@angular_forms.js",
      "fileHash": "a335a0a8",
      "needsInterop": false
    },
    "@angular/platform-browser": {
      "src": "../../../../../node_modules/@angular/platform-browser/fesm2022/platform-browser.mjs",
      "file": "@angular_platform-browser.js",
      "fileHash": "7df7299f",
      "needsInterop": false
    },
    "@angular/router": {
      "src": "../../../../../node_modules/@angular/router/fesm2022/router.mjs",
      "file": "@angular_router.js",
      "fileHash": "0c679f44",
      "needsInterop": false
    }
  },
  "chunks": {
    "chunk-EPOW647B": {
      "file": "chunk-EPOW647B.js"
    },
    "chunk-DB4EZHTS": {
      "file": "chunk-DB4EZHTS.js"
    },
    "chunk-BA254GOC": {
      "file": "chunk-BA254GOC.js"
    },
    "chunk-5LTY7R7G": {
      "file": "chunk-5LTY7R7G.js"
    }
  }
}